geoRegion,variant_type,date,entries,sumTotal,prct,prct_lower_ci,prct_upper_ci,timeframe_all,version,default_view
CHFL,all_sequenced,202214,94,94,100,NA,NA,TRUE,2023-11-28_09-39-58,FALSE
CHFL,BA.1,202214,3,3,3.2,0.5,18.1,TRUE,2023-11-28_09-39-58,FALSE
CHFL,BA.2,202214,91,91,96.8,81.9,99.5,TRUE,2023-11-28_09-39-58,FALSE
CHFL,BA.2.75,202214,0,0,0,0,13,TRUE,2023-11-28_09-39-58,TRUE
CHFL,BA.4,202214,0,0,0,0,13,TRUE,2023-11-28_09-39-58,FALSE
CHFL,BA.5,202214,0,0,0,0,13,TRUE,2023-11-28_09-39-58,TRUE
CHFL,BQ.1,202214,0,0,0,0,13,TRUE,2023-11-28_09-39-58,TRUE
CHFL,other_lineage,202214,0,0,0,0,13,TRUE,2023-11-28_09-39-58,FALSE
CHFL,XBB,202214,0,0,0,0,13,TRUE,2023-11-28_09-39-58,TRUE
CHFL,all_sequenced,202215,188,282,100,NA,NA,TRUE,2023-11-28_09-39-58,FALSE
CHFL,BA.1,202215,6,9,3.2,0.8,12.1,TRUE,2023-11-28_09-39-58,FALSE
CHFL,BA.2,202215,181,272,96.3,87.1,99,TRUE,2023-11-28_09-39-58,FALSE
CHFL,BA.2.75,202215,0,0,0,0,7,TRUE,2023-11-28_09-39-58,TRUE
CHFL,BA.4,202215,0,0,0,0,7,TRUE,2023-11-28_09-39-58,FALSE
CHFL,BA.5,202215,0,0,0,0,7,TRUE,2023-11-28_09-39-58,TRUE
CHFL,BQ.1,202215,0,0,0,0,7,TRUE,2023-11-28_09-39-58,TRUE
CHFL,other_lineage,202215,1,1,0.5,0,7.9,TRUE,2023-11-28_09-39-58,FALSE
CHFL,XBB,202215,0,0,0,0,7,TRUE,2023-11-28_09-39-58,TRUE
CHFL,all_sequenced,202216,187,469,100,NA,NA,TRUE,2023-11-28_09-39-58,FALSE
CHFL,BA.1,202216,1,10,0.5,0,8,TRUE,2023-11-28_09-39-58,FALSE
CHFL,BA.2,202216,186,458,99.5,92,100,TRUE,2023-11-28_09-39-58,FALSE
CHFL,BA.2.75,202216,0,0,0,0,7,TRUE,2023-11-28_09-39-58,TRUE
CHFL,BA.4,202216,0,0,0,0,7,TRUE,2023-11-28_09-39-58,FALSE
CHFL,BA.5,202216,0,0,0,0,7,TRUE,2023-11-28_09-39-58,TRUE
CHFL,BQ.1,202216,0,0,0,0,7,TRUE,2023-11-28_09-39-58,TRUE
CHFL,other_lineage,202216,0,1,0,0,7,TRUE,2023-11-28_09-39-58,FALSE
CHFL,XBB,202216,0,0,0,0,7,TRUE,2023-11-28_09-39-58,TRUE
CHFL,all_sequenced,202217,181,650,100,NA,NA,TRUE,2023-11-28_09-39-58,FALSE
CHFL,BA.1,202217,5,15,2.8,0.6,11.7,TRUE,2023-11-28_09-39-58,FALSE
CHFL,BA.2,202217,173,631,95.6,85.9,98.7,TRUE,2023-11-28_09-39-58,FALSE
CHFL,BA.2.75,202217,0,0,0,0,7.2,TRUE,2023-11-28_09-39-58,TRUE
CHFL,BA.4,202217,1,1,0.6,0,8.2,TRUE,2023-11-28_09-39-58,FALSE
CHFL,BA.5,202217,0,0,0,0,7.2,TRUE,2023-11-28_09-39-58,TRUE
CHFL,BQ.1,202217,0,0,0,0,7.2,TRUE,2023-11-28_09-39-58,TRUE
CHFL,other_lineage,202217,2,3,1.1,0.1,9.1,TRUE,2023-11-28_09-39-58,FALSE
CHFL,XBB,202217,0,0,0,0,7.2,TRUE,2023-11-28_09-39-58,TRUE
CHFL,all_sequenced,202218,139,789,100,NA,NA,TRUE,2023-11-28_09-39-58,FALSE
CHFL,BA.1,202218,1,16,0.7,0,10.5,TRUE,2023-11-28_09-39-58,FALSE
CHFL,BA.2,202218,133,764,95.7,84,98.9,TRUE,2023-11-28_09-39-58,FALSE
CHFL,BA.2.75,202218,0,0,0,0,9.2,TRUE,2023-11-28_09-39-58,TRUE
CHFL,BA.4,202218,2,3,1.4,0.2,11.6,TRUE,2023-11-28_09-39-58,FALSE
CHFL,BA.5,202218,1,1,0.7,0,10.5,TRUE,2023-11-28_09-39-58,TRUE
CHFL,BQ.1,202218,0,0,0,0,9.2,TRUE,2023-11-28_09-39-58,TRUE
CHFL,other_lineage,202218,2,5,1.4,0.2,11.6,TRUE,2023-11-28_09-39-58,FALSE
CHFL,XBB,202218,0,0,0,0,9.2,TRUE,2023-11-28_09-39-58,TRUE
CHFL,all_sequenced,202219,126,915,100,NA,NA,TRUE,2023-11-28_09-39-58,FALSE
CHFL,BA.1,202219,3,19,2.4,0.4,14,TRUE,2023-11-28_09-39-58,FALSE
CHFL,BA.2,202219,116,880,92.1,78.3,97.4,TRUE,2023-11-28_09-39-58,FALSE
CHFL,BA.2.75,202219,0,0,0,0,10,TRUE,2023-11-28_09-39-58,TRUE
CHFL,BA.4,202219,0,3,0,0,10,TRUE,2023-11-28_09-39-58,FALSE
CHFL,BA.5,202219,6,7,4.8,1.2,17.4,TRUE,2023-11-28_09-39-58,TRUE
CHFL,BQ.1,202219,0,0,0,0,10,TRUE,2023-11-28_09-39-58,TRUE
CHFL,other_lineage,202219,1,6,0.8,0,11.4,TRUE,2023-11-28_09-39-58,FALSE
CHFL,XBB,202219,0,0,0,0,10,TRUE,2023-11-28_09-39-58,TRUE
CHFL,all_sequenced,202220,106,1021,100,NA,NA,TRUE,2023-11-28_09-39-58,FALSE
CHFL,BA.1,202220,0,19,0,0,11.7,TRUE,2023-11-28_09-39-58,FALSE
CHFL,BA.2,202220,95,975,89.6,73.6,96.4,TRUE,2023-11-28_09-39-58,FALSE
CHFL,BA.2.75,202220,0,0,0,0,11.7,TRUE,2023-11-28_09-39-58,TRUE
CHFL,BA.4,202220,2,5,1.9,0.2,14.8,TRUE,2023-11-28_09-39-58,FALSE
CHFL,BA.5,202220,9,16,8.5,2.6,24.1,TRUE,2023-11-28_09-39-58,TRUE
CHFL,BQ.1,202220,0,0,0,0,11.7,TRUE,2023-11-28_09-39-58,TRUE
CHFL,other_lineage,202220,0,6,0,0,11.7,TRUE,2023-11-28_09-39-58,FALSE
CHFL,XBB,202220,0,0,0,0,11.7,TRUE,2023-11-28_09-39-58,TRUE
CHFL,all_sequenced,202221,93,1114,100,NA,NA,TRUE,2023-11-28_09-39-58,FALSE
CHFL,BA.1,202221,2,21,2.2,0.2,16.6,TRUE,2023-11-28_09-39-58,FALSE
CHFL,BA.2,202221,56,1031,60.2,41.1,76.7,TRUE,2023-11-28_09-39-58,FALSE
CHFL,BA.2.75,202221,0,0,0,0,13.1,TRUE,2023-11-28_09-39-58,TRUE
CHFL,BA.4,202221,6,11,6.5,1.6,22.8,TRUE,2023-11-28_09-39-58,FALSE
CHFL,BA.5,202221,26,42,28,14.3,47.4,TRUE,2023-11-28_09-39-58,TRUE
CHFL,BQ.1,202221,0,0,0,0,13.1,TRUE,2023-11-28_09-39-58,TRUE
CHFL,other_lineage,202221,3,9,3.2,0.5,18.2,TRUE,2023-11-28_09-39-58,FALSE
CHFL,XBB,202221,0,0,0,0,13.1,TRUE,2023-11-28_09-39-58,TRUE
CHFL,all_sequenced,202222,143,1257,100,NA,NA,TRUE,2023-11-28_09-39-58,FALSE
CHFL,BA.1,202222,1,22,0.7,0,10.2,TRUE,2023-11-28_09-39-58,FALSE
CHFL,BA.2,202222,67,1098,46.9,32.2,62.1,TRUE,2023-11-28_09-39-58,FALSE
CHFL,BA.2.75,202222,0,0,0,0,9,TRUE,2023-11-28_09-39-58,TRUE
CHFL,BA.4,202222,13,24,9.1,3.4,22.1,TRUE,2023-11-28_09-39-58,FALSE
CHFL,BA.5,202222,58,100,40.6,26.7,56.1,TRUE,2023-11-28_09-39-58,TRUE
CHFL,BQ.1,202222,0,0,0,0,9,TRUE,2023-11-28_09-39-58,TRUE
CHFL,other_lineage,202222,4,13,2.8,0.5,13.5,TRUE,2023-11-28_09-39-58,FALSE
CHFL,XBB,202222,0,0,0,0,9,TRUE,2023-11-28_09-39-58,TRUE
CHFL,all_sequenced,202223,204,1461,100,NA,NA,TRUE,2023-11-28_09-39-58,FALSE
CHFL,BA.1,202223,0,22,0,0,6.5,TRUE,2023-11-28_09-39-58,FALSE
CHFL,BA.2,202223,83,1181,40.7,28.8,53.8,TRUE,2023-11-28_09-39-58,FALSE
CHFL,BA.2.75,202223,0,0,0,0,6.5,TRUE,2023-11-28_09-39-58,TRUE
CHFL,BA.4,202223,13,37,6.4,2.4,16,TRUE,2023-11-28_09-39-58,FALSE
CHFL,BA.5,202223,103,203,50.5,37.8,63.2,TRUE,2023-11-28_09-39-58,TRUE
CHFL,BQ.1,202223,0,0,0,0,6.5,TRUE,2023-11-28_09-39-58,TRUE
CHFL,other_lineage,202223,5,18,2.5,0.5,10.5,TRUE,2023-11-28_09-39-58,FALSE
CHFL,XBB,202223,0,0,0,0,6.5,TRUE,2023-11-28_09-39-58,TRUE
CHFL,all_sequenced,202224,186,1647,100,NA,NA,TRUE,2023-11-28_09-39-58,FALSE
CHFL,BA.1,202224,1,23,0.5,0,8,TRUE,2023-11-28_09-39-58,FALSE
CHFL,BA.2,202224,48,1229,25.8,15.8,39.2,TRUE,2023-11-28_09-39-58,FALSE
CHFL,BA.2.75,202224,0,0,0,0,7,TRUE,2023-11-28_09-39-58,TRUE
CHFL,BA.4,202224,8,45,4.3,1.2,13.8,TRUE,2023-11-28_09-39-58,FALSE
CHFL,BA.5,202224,125,328,67.2,53.5,78.5,TRUE,2023-11-28_09-39-58,TRUE
CHFL,BQ.1,202224,0,0,0,0,7,TRUE,2023-11-28_09-39-58,TRUE
CHFL,other_lineage,202224,4,22,2.2,0.4,10.6,TRUE,2023-11-28_09-39-58,FALSE
CHFL,XBB,202224,0,0,0,0,7,TRUE,2023-11-28_09-39-58,TRUE
CHFL,all_sequenced,202225,253,1900,100,NA,NA,TRUE,2023-11-28_09-39-58,FALSE
CHFL,BA.1,202225,0,23,0,0,5.3,TRUE,2023-11-28_09-39-58,FALSE
CHFL,BA.2,202225,31,1260,12.3,6.5,22,TRUE,2023-11-28_09-39-58,FALSE
CHFL,BA.2.75,202225,0,0,0,0,5.3,TRUE,2023-11-28_09-39-58,TRUE
CHFL,BA.4,202225,15,60,5.9,2.4,14.1,TRUE,2023-11-28_09-39-58,FALSE
CHFL,BA.5,202225,203,531,80.2,69.4,87.9,TRUE,2023-11-28_09-39-58,TRUE
CHFL,BQ.1,202225,0,0,0,0,5.3,TRUE,2023-11-28_09-39-58,TRUE
CHFL,other_lineage,202225,4,26,1.6,0.3,8,TRUE,2023-11-28_09-39-58,FALSE
CHFL,XBB,202225,0,0,0,0,5.3,TRUE,2023-11-28_09-39-58,TRUE
CHFL,all_sequenced,202226,285,2185,100,NA,NA,TRUE,2023-11-28_09-39-58,FALSE
CHFL,BA.1,202226,0,23,0,0,4.7,TRUE,2023-11-28_09-39-58,FALSE
CHFL,BA.2,202226,29,1289,10.2,5.2,18.9,TRUE,2023-11-28_09-39-58,FALSE
CHFL,BA.2.75,202226,0,0,0,0,4.7,TRUE,2023-11-28_09-39-58,TRUE
CHFL,BA.4,202226,14,74,4.9,1.9,12.2,TRUE,2023-11-28_09-39-58,FALSE
CHFL,BA.5,202226,234,765,82.1,72.1,89,TRUE,2023-11-28_09-39-58,TRUE
CHFL,BQ.1,202226,0,0,0,0,4.7,TRUE,2023-11-28_09-39-58,TRUE
CHFL,other_lineage,202226,8,34,2.8,0.8,9.2,TRUE,2023-11-28_09-39-58,FALSE
CHFL,XBB,202226,0,0,0,0,4.7,TRUE,2023-11-28_09-39-58,TRUE
CHFL,all_sequenced,202227,217,2402,100,NA,NA,TRUE,2023-11-28_09-39-58,FALSE
CHFL,BA.1,202227,0,23,0,0,6.1,TRUE,2023-11-28_09-39-58,FALSE
CHFL,BA.2,202227,18,1307,8.3,3.6,18.1,TRUE,2023-11-28_09-39-58,FALSE
CHFL,BA.2.75,202227,0,0,0,0,6.1,TRUE,2023-11-28_09-39-58,TRUE
CHFL,BA.4,202227,14,88,6.5,2.5,15.7,TRUE,2023-11-28_09-39-58,FALSE
CHFL,BA.5,202227,183,948,84.3,73,91.5,TRUE,2023-11-28_09-39-58,TRUE
CHFL,BQ.1,202227,0,0,0,0,6.1,TRUE,2023-11-28_09-39-58,TRUE
CHFL,other_lineage,202227,2,36,0.9,0.1,7.7,TRUE,2023-11-28_09-39-58,FALSE
CHFL,XBB,202227,0,0,0,0,6.1,TRUE,2023-11-28_09-39-58,TRUE
CHFL,all_sequenced,202228,224,2626,100,NA,NA,TRUE,2023-11-28_09-39-58,FALSE
CHFL,BA.1,202228,2,25,0.9,0.1,7.5,TRUE,2023-11-28_09-39-58,FALSE
CHFL,BA.2,202228,7,1314,3.1,0.8,11,TRUE,2023-11-28_09-39-58,FALSE
CHFL,BA.2.75,202228,0,0,0,0,5.9,TRUE,2023-11-28_09-39-58,TRUE
CHFL,BA.4,202228,17,105,7.6,3.2,17,TRUE,2023-11-28_09-39-58,FALSE
CHFL,BA.5,202228,194,1142,86.6,75.9,93,TRUE,2023-11-28_09-39-58,TRUE
CHFL,BQ.1,202228,0,0,0,0,5.9,TRUE,2023-11-28_09-39-58,TRUE
CHFL,other_lineage,202228,4,40,1.8,0.3,8.9,TRUE,2023-11-28_09-39-58,FALSE
CHFL,XBB,202228,0,0,0,0,5.9,TRUE,2023-11-28_09-39-58,TRUE
CHFL,all_sequenced,202229,167,2793,100,NA,NA,TRUE,2023-11-28_09-39-58,FALSE
CHFL,BA.1,202229,0,25,0,0,7.8,TRUE,2023-11-28_09-39-58,FALSE
CHFL,BA.2,202229,6,1320,3.6,0.9,13.5,TRUE,2023-11-28_09-39-58,FALSE
CHFL,BA.2.75,202229,0,0,0,0,7.8,TRUE,2023-11-28_09-39-58,TRUE
CHFL,BA.4,202229,9,114,5.4,1.7,16,TRUE,2023-11-28_09-39-58,FALSE
CHFL,BA.5,202229,150,1292,89.8,77.7,95.7,TRUE,2023-11-28_09-39-58,TRUE
CHFL,BQ.1,202229,0,0,0,0,7.8,TRUE,2023-11-28_09-39-58,TRUE
CHFL,other_lineage,202229,2,42,1.2,0.1,9.8,TRUE,2023-11-28_09-39-58,FALSE
CHFL,XBB,202229,0,0,0,0,7.8,TRUE,2023-11-28_09-39-58,TRUE
CHFL,all_sequenced,202230,205,2998,100,NA,NA,TRUE,2023-11-28_09-39-58,FALSE
CHFL,BA.1,202230,0,25,0,0,6.4,TRUE,2023-11-28_09-39-58,FALSE
CHFL,BA.2,202230,4,1324,2,0.4,9.7,TRUE,2023-11-28_09-39-58,FALSE
CHFL,BA.2.75,202230,0,0,0,0,6.4,TRUE,2023-11-28_09-39-58,TRUE
CHFL,BA.4,202230,6,120,2.9,0.7,11.2,TRUE,2023-11-28_09-39-58,FALSE
CHFL,BA.5,202230,189,1481,92.2,82.2,96.8,TRUE,2023-11-28_09-39-58,TRUE
CHFL,BQ.1,202230,0,0,0,0,6.4,TRUE,2023-11-28_09-39-58,TRUE
CHFL,other_lineage,202230,6,48,2.9,0.7,11.2,TRUE,2023-11-28_09-39-58,FALSE
CHFL,XBB,202230,0,0,0,0,6.4,TRUE,2023-11-28_09-39-58,TRUE
CHFL,all_sequenced,202231,187,3185,100,NA,NA,TRUE,2023-11-28_09-39-58,FALSE
CHFL,BA.1,202231,0,25,0,0,7,TRUE,2023-11-28_09-39-58,FALSE
CHFL,BA.2,202231,4,1328,2.1,0.4,10.6,TRUE,2023-11-28_09-39-58,FALSE
CHFL,BA.2.75,202231,1,1,0.5,0,8,TRUE,2023-11-28_09-39-58,TRUE
CHFL,BA.4,202231,10,130,5.3,1.8,15.2,TRUE,2023-11-28_09-39-58,FALSE
CHFL,BA.5,202231,170,1651,90.9,79.9,96.2,TRUE,2023-11-28_09-39-58,TRUE
CHFL,BQ.1,202231,0,0,0,0,7,TRUE,2023-11-28_09-39-58,TRUE
CHFL,other_lineage,202231,1,49,0.5,0,8,TRUE,2023-11-28_09-39-58,FALSE
CHFL,XBB,202231,1,1,0.5,0,8,TRUE,2023-11-28_09-39-58,TRUE
CHFL,all_sequenced,202232,158,3343,100,NA,NA,TRUE,2023-11-28_09-39-58,FALSE
CHFL,BA.1,202232,1,26,0.6,0,9.3,TRUE,2023-11-28_09-39-58,FALSE
CHFL,BA.2,202232,2,1330,1.3,0.1,10.4,TRUE,2023-11-28_09-39-58,FALSE
CHFL,BA.2.75,202232,0,1,0,0,8.2,TRUE,2023-11-28_09-39-58,TRUE
CHFL,BA.4,202232,6,136,3.8,0.9,14.2,TRUE,2023-11-28_09-39-58,FALSE
CHFL,BA.5,202232,147,1798,93,81.4,97.6,TRUE,2023-11-28_09-39-58,TRUE
CHFL,BQ.1,202232,0,0,0,0,8.2,TRUE,2023-11-28_09-39-58,TRUE
CHFL,other_lineage,202232,2,51,1.3,0.1,10.4,TRUE,2023-11-28_09-39-58,FALSE
CHFL,XBB,202232,0,1,0,0,8.2,TRUE,2023-11-28_09-39-58,TRUE
CHFL,all_sequenced,202233,72,3415,100,NA,NA,TRUE,2023-11-28_09-39-58,FALSE
CHFL,BA.1,202233,1,27,1.4,0.1,18.6,TRUE,2023-11-28_09-39-58,FALSE
CHFL,BA.2,202233,1,1331,1.4,0.1,18.6,TRUE,2023-11-28_09-39-58,FALSE
CHFL,BA.2.75,202233,0,1,0,0,16.3,TRUE,2023-11-28_09-39-58,TRUE
CHFL,BA.4,202233,3,139,4.2,0.6,22.7,TRUE,2023-11-28_09-39-58,FALSE
CHFL,BA.5,202233,67,1865,93.1,73.6,98.5,TRUE,2023-11-28_09-39-58,TRUE
CHFL,BQ.1,202233,0,0,0,0,16.3,TRUE,2023-11-28_09-39-58,TRUE
CHFL,other_lineage,202233,0,51,0,0,16.3,TRUE,2023-11-28_09-39-58,FALSE
CHFL,XBB,202233,0,1,0,0,16.3,TRUE,2023-11-28_09-39-58,TRUE
CHFL,all_sequenced,202234,82,3497,100,NA,NA,TRUE,2023-11-28_09-39-58,FALSE
CHFL,BA.1,202234,0,27,0,0,14.6,TRUE,2023-11-28_09-39-58,FALSE
CHFL,BA.2,202234,2,1333,2.4,0.3,18.5,TRUE,2023-11-28_09-39-58,FALSE
CHFL,BA.2.75,202234,0,1,0,0,14.6,TRUE,2023-11-28_09-39-58,TRUE
CHFL,BA.4,202234,2,141,2.4,0.3,18.5,TRUE,2023-11-28_09-39-58,FALSE
CHFL,BA.5,202234,78,1943,95.1,78,99.1,TRUE,2023-11-28_09-39-58,TRUE
CHFL,BQ.1,202234,0,0,0,0,14.6,TRUE,2023-11-28_09-39-58,TRUE
CHFL,other_lineage,202234,0,51,0,0,14.6,TRUE,2023-11-28_09-39-58,FALSE
CHFL,XBB,202234,0,1,0,0,14.6,TRUE,2023-11-28_09-39-58,TRUE
CHFL,all_sequenced,202235,96,3593,100,NA,NA,TRUE,2023-11-28_09-39-58,FALSE
CHFL,BA.1,202235,0,27,0,0,12.8,TRUE,2023-11-28_09-39-58,FALSE
CHFL,BA.2,202235,0,1333,0,0,12.8,TRUE,2023-11-28_09-39-58,FALSE
CHFL,BA.2.75,202235,1,2,1,0.1,14.5,TRUE,2023-11-28_09-39-58,TRUE
CHFL,BA.4,202235,1,142,1,0.1,14.5,TRUE,2023-11-28_09-39-58,FALSE
CHFL,BA.5,202235,93,2036,96.9,82.2,99.5,TRUE,2023-11-28_09-39-58,TRUE
CHFL,BQ.1,202235,0,0,0,0,12.8,TRUE,2023-11-28_09-39-58,TRUE
CHFL,other_lineage,202235,1,52,1,0.1,14.5,TRUE,2023-11-28_09-39-58,FALSE
CHFL,XBB,202235,0,1,0,0,12.8,TRUE,2023-11-28_09-39-58,TRUE
CHFL,all_sequenced,202236,64,3657,100,NA,NA,TRUE,2023-11-28_09-39-58,FALSE
CHFL,BA.1,202236,0,27,0,0,18,TRUE,2023-11-28_09-39-58,FALSE
CHFL,BA.2,202236,0,1333,0,0,18,TRUE,2023-11-28_09-39-58,FALSE
CHFL,BA.2.75,202236,1,3,1.6,0.1,20.5,TRUE,2023-11-28_09-39-58,TRUE
CHFL,BA.4,202236,1,143,1.6,0.1,20.5,TRUE,2023-11-28_09-39-58,FALSE
CHFL,BA.5,202236,62,2098,96.9,77.2,99.6,TRUE,2023-11-28_09-39-58,TRUE
CHFL,BQ.1,202236,0,0,0,0,18,TRUE,2023-11-28_09-39-58,TRUE
CHFL,other_lineage,202236,0,52,0,0,18,TRUE,2023-11-28_09-39-58,FALSE
CHFL,XBB,202236,0,1,0,0,18,TRUE,2023-11-28_09-39-58,TRUE
CHFL,all_sequenced,202237,83,3740,100,NA,NA,TRUE,2023-11-28_09-39-58,FALSE
CHFL,BA.1,202237,0,27,0,0,14.5,TRUE,2023-11-28_09-39-58,FALSE
CHFL,BA.2,202237,0,1333,0,0,14.5,TRUE,2023-11-28_09-39-58,FALSE
CHFL,BA.2.75,202237,0,3,0,0,14.5,TRUE,2023-11-28_09-39-58,TRUE
CHFL,BA.4,202237,1,144,1.2,0.1,16.5,TRUE,2023-11-28_09-39-58,FALSE
CHFL,BA.5,202237,80,2178,96.4,79.9,99.4,TRUE,2023-11-28_09-39-58,TRUE
CHFL,BQ.1,202237,1,1,1.2,0.1,16.5,TRUE,2023-11-28_09-39-58,TRUE
CHFL,other_lineage,202237,1,53,1.2,0.1,16.5,TRUE,2023-11-28_09-39-58,FALSE
CHFL,XBB,202237,0,1,0,0,14.5,TRUE,2023-11-28_09-39-58,TRUE
CHFL,all_sequenced,202238,122,3862,100,NA,NA,TRUE,2023-11-28_09-39-58,FALSE
CHFL,BA.1,202238,0,27,0,0,10.3,TRUE,2023-11-28_09-39-58,FALSE
CHFL,BA.2,202238,2,1335,1.6,0.2,13.1,TRUE,2023-11-28_09-39-58,FALSE
CHFL,BA.2.75,202238,0,3,0,0,10.3,TRUE,2023-11-28_09-39-58,TRUE
CHFL,BA.4,202238,2,146,1.6,0.2,13.1,TRUE,2023-11-28_09-39-58,FALSE
CHFL,BA.5,202238,110,2288,90.2,75.6,96.4,TRUE,2023-11-28_09-39-58,TRUE
CHFL,BQ.1,202238,7,8,5.7,1.5,19.1,TRUE,2023-11-28_09-39-58,TRUE
CHFL,other_lineage,202238,1,54,0.8,0.1,11.8,TRUE,2023-11-28_09-39-58,FALSE
CHFL,XBB,202238,0,1,0,0,10.3,TRUE,2023-11-28_09-39-58,TRUE
CHFL,all_sequenced,202239,156,4018,100,NA,NA,TRUE,2023-11-28_09-39-58,FALSE
CHFL,BA.1,202239,0,27,0,0,8.3,TRUE,2023-11-28_09-39-58,FALSE
CHFL,BA.2,202239,0,1335,0,0,8.3,TRUE,2023-11-28_09-39-58,FALSE
CHFL,BA.2.75,202239,2,5,1.3,0.1,10.5,TRUE,2023-11-28_09-39-58,TRUE
CHFL,BA.4,202239,8,154,5.1,1.5,16.2,TRUE,2023-11-28_09-39-58,FALSE
CHFL,BA.5,202239,134,2422,85.9,72.5,93.4,TRUE,2023-11-28_09-39-58,TRUE
CHFL,BQ.1,202239,11,19,7.1,2.4,18.8,TRUE,2023-11-28_09-39-58,TRUE
CHFL,other_lineage,202239,1,55,0.6,0,9.4,TRUE,2023-11-28_09-39-58,FALSE
CHFL,XBB,202239,0,1,0,0,8.3,TRUE,2023-11-28_09-39-58,TRUE
CHFL,all_sequenced,202240,241,4259,100,NA,NA,TRUE,2023-11-28_09-39-58,FALSE
CHFL,BA.1,202240,0,27,0,0,5.5,TRUE,2023-11-28_09-39-58,FALSE
CHFL,BA.2,202240,1,1336,0.4,0,6.3,TRUE,2023-11-28_09-39-58,FALSE
CHFL,BA.2.75,202240,0,5,0,0,5.5,TRUE,2023-11-28_09-39-58,TRUE
CHFL,BA.4,202240,5,159,2.1,0.5,9,TRUE,2023-11-28_09-39-58,FALSE
CHFL,BA.5,202240,213,2635,88.4,78.4,94.1,TRUE,2023-11-28_09-39-58,TRUE
CHFL,BQ.1,202240,22,41,9.1,4.3,18.5,TRUE,2023-11-28_09-39-58,TRUE
CHFL,other_lineage,202240,0,55,0,0,5.5,TRUE,2023-11-28_09-39-58,FALSE
CHFL,XBB,202240,0,1,0,0,5.5,TRUE,2023-11-28_09-39-58,TRUE
CHFL,all_sequenced,202241,215,4474,100,NA,NA,TRUE,2023-11-28_09-39-58,FALSE
CHFL,BA.1,202241,0,27,0,0,6.1,TRUE,2023-11-28_09-39-58,FALSE
CHFL,BA.2,202241,1,1337,0.5,0,7,TRUE,2023-11-28_09-39-58,FALSE
CHFL,BA.2.75,202241,4,9,1.9,0.3,9.3,TRUE,2023-11-28_09-39-58,TRUE
CHFL,BA.4,202241,4,163,1.9,0.3,9.3,TRUE,2023-11-28_09-39-58,FALSE
CHFL,BA.5,202241,164,2799,76.3,64,85.3,TRUE,2023-11-28_09-39-58,TRUE
CHFL,BQ.1,202241,40,81,18.6,10.7,30.4,TRUE,2023-11-28_09-39-58,TRUE
CHFL,other_lineage,202241,1,56,0.5,0,7,TRUE,2023-11-28_09-39-58,FALSE
CHFL,XBB,202241,1,2,0.5,0,7,TRUE,2023-11-28_09-39-58,TRUE
CHFL,all_sequenced,202242,209,4683,100,NA,NA,TRUE,2023-11-28_09-39-58,FALSE
CHFL,BA.1,202242,0,27,0,0,6.3,TRUE,2023-11-28_09-39-58,FALSE
CHFL,BA.2,202242,0,1337,0,0,6.3,TRUE,2023-11-28_09-39-58,FALSE
CHFL,BA.2.75,202242,1,10,0.5,0,7.2,TRUE,2023-11-28_09-39-58,TRUE
CHFL,BA.4,202242,6,169,2.9,0.7,11,TRUE,2023-11-28_09-39-58,FALSE
CHFL,BA.5,202242,165,2964,78.9,66.7,87.5,TRUE,2023-11-28_09-39-58,TRUE
CHFL,BQ.1,202242,36,117,17.2,9.6,29,TRUE,2023-11-28_09-39-58,TRUE
CHFL,other_lineage,202242,1,57,0.5,0,7.2,TRUE,2023-11-28_09-39-58,FALSE
CHFL,XBB,202242,0,2,0,0,6.3,TRUE,2023-11-28_09-39-58,TRUE
CHFL,all_sequenced,202243,156,4839,100,NA,NA,TRUE,2023-11-28_09-39-58,FALSE
CHFL,BA.1,202243,0,27,0,0,8.3,TRUE,2023-11-28_09-39-58,FALSE
CHFL,BA.2,202243,1,1338,0.6,0,9.4,TRUE,2023-11-28_09-39-58,FALSE
CHFL,BA.2.75,202243,3,13,1.9,0.3,11.5,TRUE,2023-11-28_09-39-58,TRUE
CHFL,BA.4,202243,0,169,0,0,8.3,TRUE,2023-11-28_09-39-58,FALSE
CHFL,BA.5,202243,114,3078,73.1,58.3,84.1,TRUE,2023-11-28_09-39-58,TRUE
CHFL,BQ.1,202243,38,155,24.4,14,39,TRUE,2023-11-28_09-39-58,TRUE
CHFL,other_lineage,202243,0,57,0,0,8.3,TRUE,2023-11-28_09-39-58,FALSE
CHFL,XBB,202243,0,2,0,0,8.3,TRUE,2023-11-28_09-39-58,TRUE
CHFL,all_sequenced,202244,134,4973,100,NA,NA,TRUE,2023-11-28_09-39-58,FALSE
CHFL,BA.1,202244,0,27,0,0,9.5,TRUE,2023-11-28_09-39-58,FALSE
CHFL,BA.2,202244,0,1338,0,0,9.5,TRUE,2023-11-28_09-39-58,FALSE
CHFL,BA.2.75,202244,2,15,1.5,0.2,12,TRUE,2023-11-28_09-39-58,TRUE
CHFL,BA.4,202244,3,172,2.2,0.3,13.2,TRUE,2023-11-28_09-39-58,FALSE
CHFL,BA.5,202244,86,3164,64.2,48,77.7,TRUE,2023-11-28_09-39-58,TRUE
CHFL,BQ.1,202244,42,197,31.3,18.7,47.5,TRUE,2023-11-28_09-39-58,TRUE
CHFL,other_lineage,202244,1,58,0.7,0,10.8,TRUE,2023-11-28_09-39-58,FALSE
CHFL,XBB,202244,0,2,0,0,9.5,TRUE,2023-11-28_09-39-58,TRUE
CHFL,all_sequenced,202245,161,5134,100,NA,NA,TRUE,2023-11-28_09-39-58,FALSE
CHFL,BA.1,202245,0,27,0,0,8,TRUE,2023-11-28_09-39-58,FALSE
CHFL,BA.2,202245,1,1339,0.6,0,9.1,TRUE,2023-11-28_09-39-58,FALSE
CHFL,BA.2.75,202245,3,18,1.9,0.3,11.2,TRUE,2023-11-28_09-39-58,TRUE
CHFL,BA.4,202245,3,175,1.9,0.3,11.2,TRUE,2023-11-28_09-39-58,FALSE
CHFL,BA.5,202245,84,3248,52.2,37.8,66.2,TRUE,2023-11-28_09-39-58,TRUE
CHFL,BQ.1,202245,67,264,41.6,28.3,56.3,TRUE,2023-11-28_09-39-58,TRUE
CHFL,other_lineage,202245,1,59,0.6,0,9.1,TRUE,2023-11-28_09-39-58,FALSE
CHFL,XBB,202245,2,4,1.2,0.1,10.2,TRUE,2023-11-28_09-39-58,TRUE
CHFL,all_sequenced,202246,156,5290,100,NA,NA,TRUE,2023-11-28_09-39-58,FALSE
CHFL,BA.1,202246,0,27,0,0,8.3,TRUE,2023-11-28_09-39-58,FALSE
CHFL,BA.2,202246,0,1339,0,0,8.3,TRUE,2023-11-28_09-39-58,FALSE
CHFL,BA.2.75,202246,4,22,2.6,0.5,12.5,TRUE,2023-11-28_09-39-58,TRUE
CHFL,BA.4,202246,1,176,0.6,0,9.4,TRUE,2023-11-28_09-39-58,FALSE
CHFL,BA.5,202246,73,3321,46.8,32.7,61.4,TRUE,2023-11-28_09-39-58,TRUE
CHFL,BQ.1,202246,78,342,50,35.6,64.4,TRUE,2023-11-28_09-39-58,TRUE
CHFL,other_lineage,202246,0,59,0,0,8.3,TRUE,2023-11-28_09-39-58,FALSE
CHFL,XBB,202246,0,4,0,0,8.3,TRUE,2023-11-28_09-39-58,TRUE
CHFL,all_sequenced,202247,196,5486,100,NA,NA,TRUE,2023-11-28_09-39-58,FALSE
CHFL,BA.1,202247,0,27,0,0,6.7,TRUE,2023-11-28_09-39-58,FALSE
CHFL,BA.2,202247,0,1339,0,0,6.7,TRUE,2023-11-28_09-39-58,FALSE
CHFL,BA.2.75,202247,11,33,5.6,1.9,15.2,TRUE,2023-11-28_09-39-58,TRUE
CHFL,BA.4,202247,4,180,2,0.4,10.1,TRUE,2023-11-28_09-39-58,FALSE
CHFL,BA.5,202247,57,3378,29.1,18.6,42.3,TRUE,2023-11-28_09-39-58,TRUE
CHFL,BQ.1,202247,123,465,62.8,49.4,74.4,TRUE,2023-11-28_09-39-58,TRUE
CHFL,other_lineage,202247,0,59,0,0,6.7,TRUE,2023-11-28_09-39-58,FALSE
CHFL,XBB,202247,1,5,0.5,0,7.6,TRUE,2023-11-28_09-39-58,TRUE
CHFL,all_sequenced,202248,202,5688,100,NA,NA,TRUE,2023-11-28_09-39-58,FALSE
CHFL,BA.1,202248,0,27,0,0,6.5,TRUE,2023-11-28_09-39-58,FALSE
CHFL,BA.2,202248,0,1339,0,0,6.5,TRUE,2023-11-28_09-39-58,FALSE
CHFL,BA.2.75,202248,8,41,4,1.1,12.8,TRUE,2023-11-28_09-39-58,TRUE
CHFL,BA.4,202248,7,187,3.5,0.9,12.1,TRUE,2023-11-28_09-39-58,FALSE
CHFL,BA.5,202248,56,3434,27.7,17.7,40.7,TRUE,2023-11-28_09-39-58,TRUE
CHFL,BQ.1,202248,131,596,64.9,51.7,76.1,TRUE,2023-11-28_09-39-58,TRUE
CHFL,other_lineage,202248,0,59,0,0,6.5,TRUE,2023-11-28_09-39-58,FALSE
CHFL,XBB,202248,0,5,0,0,6.5,TRUE,2023-11-28_09-39-58,TRUE
CHFL,all_sequenced,202249,248,5936,100,NA,NA,TRUE,2023-11-28_09-39-58,FALSE
CHFL,BA.1,202249,1,28,0.4,0,6.1,TRUE,2023-11-28_09-39-58,FALSE
CHFL,BA.2,202249,0,1339,0,0,5.4,TRUE,2023-11-28_09-39-58,FALSE
CHFL,BA.2.75,202249,6,47,2.4,0.6,9.4,TRUE,2023-11-28_09-39-58,TRUE
CHFL,BA.4,202249,9,196,3.6,1.1,11.1,TRUE,2023-11-28_09-39-58,FALSE
CHFL,BA.5,202249,68,3502,27.4,18.2,39,TRUE,2023-11-28_09-39-58,TRUE
CHFL,BQ.1,202249,157,753,63.3,51.4,73.8,TRUE,2023-11-28_09-39-58,TRUE
CHFL,other_lineage,202249,1,60,0.4,0,6.1,TRUE,2023-11-28_09-39-58,FALSE
CHFL,XBB,202249,6,11,2.4,0.6,9.4,TRUE,2023-11-28_09-39-58,TRUE
CHFL,all_sequenced,202250,211,6147,100,NA,NA,TRUE,2023-11-28_09-39-58,FALSE
CHFL,BA.1,202250,0,28,0,0,6.3,TRUE,2023-11-28_09-39-58,FALSE
CHFL,BA.2,202250,0,1339,0,0,6.3,TRUE,2023-11-28_09-39-58,FALSE
CHFL,BA.2.75,202250,5,52,2.4,0.5,10.2,TRUE,2023-11-28_09-39-58,TRUE
CHFL,BA.4,202250,3,199,1.4,0.2,8.7,TRUE,2023-11-28_09-39-58,FALSE
CHFL,BA.5,202250,48,3550,22.7,13.8,35.1,TRUE,2023-11-28_09-39-58,TRUE
CHFL,BQ.1,202250,153,906,72.5,59.9,82.4,TRUE,2023-11-28_09-39-58,TRUE
CHFL,other_lineage,202250,0,60,0,0,6.3,TRUE,2023-11-28_09-39-58,FALSE
CHFL,XBB,202250,2,13,0.9,0.1,7.9,TRUE,2023-11-28_09-39-58,TRUE
CHFL,all_sequenced,202251,177,6324,100,NA,NA,TRUE,2023-11-28_09-39-58,FALSE
CHFL,BA.1,202251,0,28,0,0,7.4,TRUE,2023-11-28_09-39-58,FALSE
CHFL,BA.2,202251,0,1339,0,0,7.4,TRUE,2023-11-28_09-39-58,FALSE
CHFL,BA.2.75,202251,6,58,3.4,0.8,12.8,TRUE,2023-11-28_09-39-58,TRUE
CHFL,BA.4,202251,0,199,0,0,7.4,TRUE,2023-11-28_09-39-58,FALSE
CHFL,BA.5,202251,40,3590,22.6,13.1,36.1,TRUE,2023-11-28_09-39-58,TRUE
CHFL,BQ.1,202251,129,1035,72.9,59,83.4,TRUE,2023-11-28_09-39-58,TRUE
CHFL,other_lineage,202251,0,60,0,0,7.4,TRUE,2023-11-28_09-39-58,FALSE
CHFL,XBB,202251,2,15,1.1,0.1,9.3,TRUE,2023-11-28_09-39-58,TRUE
CHFL,all_sequenced,202252,144,6468,100,NA,NA,TRUE,2023-11-28_09-39-58,FALSE
CHFL,BA.1,202252,0,28,0,0,8.9,TRUE,2023-11-28_09-39-58,FALSE
CHFL,BA.2,202252,0,1339,0,0,8.9,TRUE,2023-11-28_09-39-58,FALSE
CHFL,BA.2.75,202252,15,73,10.4,4.2,23.7,TRUE,2023-11-28_09-39-58,TRUE
CHFL,BA.4,202252,0,199,0,0,8.9,TRUE,2023-11-28_09-39-58,FALSE
CHFL,BA.5,202252,29,3619,20.1,10.5,35.1,TRUE,2023-11-28_09-39-58,TRUE
CHFL,BQ.1,202252,97,1132,67.4,51.7,79.9,TRUE,2023-11-28_09-39-58,TRUE
CHFL,other_lineage,202252,0,60,0,0,8.9,TRUE,2023-11-28_09-39-58,FALSE
CHFL,XBB,202252,3,18,2.1,0.3,12.4,TRUE,2023-11-28_09-39-58,TRUE
CHFL,all_sequenced,202301,92,6560,100,NA,NA,TRUE,2023-11-28_09-39-58,FALSE
CHFL,BA.1,202301,0,28,0,0,13.3,TRUE,2023-11-28_09-39-58,FALSE
CHFL,BA.2,202301,2,1341,2.2,0.2,16.8,TRUE,2023-11-28_09-39-58,FALSE
CHFL,BA.2.75,202301,7,80,7.6,2.1,24.4,TRUE,2023-11-28_09-39-58,TRUE
CHFL,BA.4,202301,0,199,0,0,13.3,TRUE,2023-11-28_09-39-58,FALSE
CHFL,BA.5,202301,11,3630,12,4.2,29.9,TRUE,2023-11-28_09-39-58,TRUE
CHFL,BQ.1,202301,69,1201,75,55.6,87.8,TRUE,2023-11-28_09-39-58,TRUE
CHFL,other_lineage,202301,0,60,0,0,13.3,TRUE,2023-11-28_09-39-58,FALSE
CHFL,XBB,202301,3,21,3.3,0.5,18.4,TRUE,2023-11-28_09-39-58,TRUE
CHFL,all_sequenced,202302,70,6630,100,NA,NA,TRUE,2023-11-28_09-39-58,FALSE
CHFL,BA.1,202302,0,28,0,0,16.7,TRUE,2023-11-28_09-39-58,FALSE
CHFL,BA.2,202302,0,1341,0,0,16.7,TRUE,2023-11-28_09-39-58,FALSE
CHFL,BA.2.75,202302,9,89,12.9,4,34.1,TRUE,2023-11-28_09-39-58,TRUE
CHFL,BA.4,202302,1,200,1.4,0.1,19,TRUE,2023-11-28_09-39-58,FALSE
CHFL,BA.5,202302,11,3641,15.7,5.5,37.4,TRUE,2023-11-28_09-39-58,TRUE
CHFL,BQ.1,202302,43,1244,61.4,39.5,79.5,TRUE,2023-11-28_09-39-58,TRUE
CHFL,other_lineage,202302,0,60,0,0,16.7,TRUE,2023-11-28_09-39-58,FALSE
CHFL,XBB,202302,6,27,8.6,2.1,28.9,TRUE,2023-11-28_09-39-58,TRUE
CHFL,all_sequenced,202303,49,6679,100,NA,NA,TRUE,2023-11-28_09-39-58,FALSE
CHFL,BA.1,202303,0,28,0,0,22.3,TRUE,2023-11-28_09-39-58,FALSE
CHFL,BA.2,202303,0,1341,0,0,22.3,TRUE,2023-11-28_09-39-58,FALSE
CHFL,BA.2.75,202303,14,103,28.6,11.5,55.2,TRUE,2023-11-28_09-39-58,TRUE
CHFL,BA.4,202303,0,200,0,0,22.3,TRUE,2023-11-28_09-39-58,FALSE
CHFL,BA.5,202303,12,3653,24.5,9.1,51.3,TRUE,2023-11-28_09-39-58,TRUE
CHFL,BQ.1,202303,15,1259,30.6,12.7,57.1,TRUE,2023-11-28_09-39-58,TRUE
CHFL,other_lineage,202303,0,60,0,0,22.3,TRUE,2023-11-28_09-39-58,FALSE
CHFL,XBB,202303,8,35,16.3,4.8,42.8,TRUE,2023-11-28_09-39-58,TRUE
CHFL,all_sequenced,202304,51,6730,100,NA,NA,TRUE,2023-11-28_09-39-58,FALSE
CHFL,BA.1,202304,0,28,0,0,21.6,TRUE,2023-11-28_09-39-58,FALSE
CHFL,BA.2,202304,0,1341,0,0,21.6,TRUE,2023-11-28_09-39-58,FALSE
CHFL,BA.2.75,202304,9,112,17.6,5.6,43.7,TRUE,2023-11-28_09-39-58,TRUE
CHFL,BA.4,202304,0,200,0,0,21.6,TRUE,2023-11-28_09-39-58,FALSE
CHFL,BA.5,202304,4,3657,7.8,1.5,32.4,TRUE,2023-11-28_09-39-58,TRUE
CHFL,BQ.1,202304,22,1281,43.1,21.5,67.7,TRUE,2023-11-28_09-39-58,TRUE
CHFL,other_lineage,202304,0,60,0,0,21.6,TRUE,2023-11-28_09-39-58,FALSE
CHFL,XBB,202304,16,51,31.4,13.5,57.3,TRUE,2023-11-28_09-39-58,TRUE
CHFL,all_sequenced,202305,49,6779,100,NA,NA,TRUE,2023-11-28_09-39-58,FALSE
CHFL,BA.1,202305,0,28,0,0,22.3,TRUE,2023-11-28_09-39-58,FALSE
CHFL,BA.2,202305,0,1341,0,0,22.3,TRUE,2023-11-28_09-39-58,FALSE
CHFL,BA.2.75,202305,3,115,6.1,0.9,30.9,TRUE,2023-11-28_09-39-58,TRUE
CHFL,BA.4,202305,0,200,0,0,22.3,TRUE,2023-11-28_09-39-58,FALSE
CHFL,BA.5,202305,3,3660,6.1,0.9,30.9,TRUE,2023-11-28_09-39-58,TRUE
CHFL,BQ.1,202305,28,1309,57.1,32.1,79,TRUE,2023-11-28_09-39-58,TRUE
CHFL,other_lineage,202305,0,60,0,0,22.3,TRUE,2023-11-28_09-39-58,FALSE
CHFL,XBB,202305,15,66,30.6,12.7,57.1,TRUE,2023-11-28_09-39-58,TRUE
CHFL,all_sequenced,202306,56,6835,100,NA,NA,TRUE,2023-11-28_09-39-58,FALSE
CHFL,BA.1,202306,0,28,0,0,20.1,TRUE,2023-11-28_09-39-58,FALSE
CHFL,BA.2,202306,0,1341,0,0,20.1,TRUE,2023-11-28_09-39-58,FALSE
CHFL,BA.2.75,202306,8,123,14.3,4.2,38.7,TRUE,2023-11-28_09-39-58,TRUE
CHFL,BA.4,202306,0,200,0,0,20.1,TRUE,2023-11-28_09-39-58,FALSE
CHFL,BA.5,202306,5,3665,8.9,2,32.4,TRUE,2023-11-28_09-39-58,TRUE
CHFL,BQ.1,202306,21,1330,37.5,18.2,61.8,TRUE,2023-11-28_09-39-58,TRUE
CHFL,other_lineage,202306,1,61,1.8,0.1,22.8,TRUE,2023-11-28_09-39-58,FALSE
CHFL,XBB,202306,21,87,37.5,18.2,61.8,TRUE,2023-11-28_09-39-58,TRUE
CHFL,all_sequenced,202307,63,6898,100,NA,NA,TRUE,2023-11-28_09-39-58,FALSE
CHFL,BA.1,202307,0,28,0,0,18.3,TRUE,2023-11-28_09-39-58,FALSE
CHFL,BA.2,202307,1,1342,1.6,0.1,20.7,TRUE,2023-11-28_09-39-58,FALSE
CHFL,BA.2.75,202307,5,128,7.9,1.7,29.5,TRUE,2023-11-28_09-39-58,TRUE
CHFL,BA.4,202307,1,201,1.6,0.1,20.7,TRUE,2023-11-28_09-39-58,FALSE
CHFL,BA.5,202307,0,3665,0,0,18.3,TRUE,2023-11-28_09-39-58,TRUE
CHFL,BQ.1,202307,17,1347,27,11.8,50.6,TRUE,2023-11-28_09-39-58,TRUE
CHFL,other_lineage,202307,0,61,0,0,18.3,TRUE,2023-11-28_09-39-58,FALSE
CHFL,XBB,202307,39,126,61.9,38.9,80.6,TRUE,2023-11-28_09-39-58,TRUE
CHFL,all_sequenced,202308,72,6970,100,NA,NA,TRUE,2023-11-28_09-39-58,FALSE
CHFL,BA.1,202308,0,28,0,0,16.3,TRUE,2023-11-28_09-39-58,FALSE
CHFL,BA.2,202308,0,1342,0,0,16.3,TRUE,2023-11-28_09-39-58,FALSE
CHFL,BA.2.75,202308,4,132,5.6,1.1,24.6,TRUE,2023-11-28_09-39-58,TRUE
CHFL,BA.4,202308,0,201,0,0,16.3,TRUE,2023-11-28_09-39-58,FALSE
CHFL,BA.5,202308,1,3666,1.4,0.1,18.6,TRUE,2023-11-28_09-39-58,TRUE
CHFL,BQ.1,202308,12,1359,16.7,6.1,38.1,TRUE,2023-11-28_09-39-58,TRUE
CHFL,other_lineage,202308,1,62,1.4,0.1,18.6,TRUE,2023-11-28_09-39-58,FALSE
CHFL,XBB,202308,54,180,75,52.9,88.9,TRUE,2023-11-28_09-39-58,TRUE
CHFL,all_sequenced,202309,101,7071,100,NA,NA,TRUE,2023-11-28_09-39-58,FALSE
CHFL,BA.1,202309,0,28,0,0,12.2,TRUE,2023-11-28_09-39-58,FALSE
CHFL,BA.2,202309,1,1343,1,0.1,13.9,TRUE,2023-11-28_09-39-58,FALSE
CHFL,BA.2.75,202309,10,142,9.9,3.3,26.3,TRUE,2023-11-28_09-39-58,TRUE
CHFL,BA.4,202309,0,201,0,0,12.2,TRUE,2023-11-28_09-39-58,FALSE
CHFL,BA.5,202309,1,3667,1,0.1,13.9,TRUE,2023-11-28_09-39-58,TRUE
CHFL,BQ.1,202309,20,1379,19.8,9.1,37.9,TRUE,2023-11-28_09-39-58,TRUE
CHFL,other_lineage,202309,1,63,1,0.1,13.9,TRUE,2023-11-28_09-39-58,FALSE
CHFL,XBB,202309,68,248,67.3,48.7,81.7,TRUE,2023-11-28_09-39-58,TRUE
CHFL,all_sequenced,202310,96,7167,100,NA,NA,TRUE,2023-11-28_09-39-58,FALSE
CHFL,BA.1,202310,0,28,0,0,12.8,TRUE,2023-11-28_09-39-58,FALSE
CHFL,BA.2,202310,0,1343,0,0,12.8,TRUE,2023-11-28_09-39-58,FALSE
CHFL,BA.2.75,202310,3,145,3.1,0.5,17.8,TRUE,2023-11-28_09-39-58,TRUE
CHFL,BA.4,202310,0,201,0,0,12.8,TRUE,2023-11-28_09-39-58,FALSE
CHFL,BA.5,202310,0,3667,0,0,12.8,TRUE,2023-11-28_09-39-58,TRUE
CHFL,BQ.1,202310,16,1395,16.7,6.9,34.9,TRUE,2023-11-28_09-39-58,TRUE
CHFL,other_lineage,202310,1,64,1,0.1,14.5,TRUE,2023-11-28_09-39-58,FALSE
CHFL,XBB,202310,76,324,79.2,60.4,90.4,TRUE,2023-11-28_09-39-58,TRUE
CHFL,all_sequenced,202311,91,7258,100,NA,NA,TRUE,2023-11-28_09-39-58,FALSE
CHFL,BA.1,202311,0,28,0,0,13.4,TRUE,2023-11-28_09-39-58,FALSE
CHFL,BA.2,202311,0,1343,0,0,13.4,TRUE,2023-11-28_09-39-58,FALSE
CHFL,BA.2.75,202311,4,149,4.4,0.8,20.2,TRUE,2023-11-28_09-39-58,TRUE
CHFL,BA.4,202311,1,202,1.1,0.1,15.2,TRUE,2023-11-28_09-39-58,FALSE
CHFL,BA.5,202311,0,3667,0,0,13.4,TRUE,2023-11-28_09-39-58,TRUE
CHFL,BQ.1,202311,12,1407,13.2,4.8,31.4,TRUE,2023-11-28_09-39-58,TRUE
CHFL,other_lineage,202311,0,64,0,0,13.4,TRUE,2023-11-28_09-39-58,FALSE
CHFL,XBB,202311,74,398,81.3,62.3,92,TRUE,2023-11-28_09-39-58,TRUE
CHFL,all_sequenced,202312,78,7336,100,NA,NA,TRUE,2023-11-28_09-39-58,FALSE
CHFL,BA.1,202312,0,28,0,0,15.3,TRUE,2023-11-28_09-39-58,FALSE
CHFL,BA.2,202312,0,1343,0,0,15.3,TRUE,2023-11-28_09-39-58,FALSE
CHFL,BA.2.75,202312,4,153,5.1,1,23,TRUE,2023-11-28_09-39-58,TRUE
CHFL,BA.4,202312,0,202,0,0,15.3,TRUE,2023-11-28_09-39-58,FALSE
CHFL,BA.5,202312,1,3668,1.3,0.1,17.4,TRUE,2023-11-28_09-39-58,TRUE
CHFL,BQ.1,202312,7,1414,9,2.4,28.1,TRUE,2023-11-28_09-39-58,TRUE
CHFL,other_lineage,202312,0,64,0,0,15.3,TRUE,2023-11-28_09-39-58,FALSE
CHFL,XBB,202312,66,464,84.6,64.3,94.4,TRUE,2023-11-28_09-39-58,TRUE
CHFL,all_sequenced,202313,118,7454,100,NA,NA,TRUE,2023-11-28_09-39-58,FALSE
CHFL,BA.1,202313,0,28,0,0,10.7,TRUE,2023-11-28_09-39-58,FALSE
CHFL,BA.2,202313,0,1343,0,0,10.7,TRUE,2023-11-28_09-39-58,FALSE
CHFL,BA.2.75,202313,6,159,5.1,1.2,18.5,TRUE,2023-11-28_09-39-58,TRUE
CHFL,BA.4,202313,0,202,0,0,10.7,TRUE,2023-11-28_09-39-58,FALSE
CHFL,BA.5,202313,0,3668,0,0,10.7,TRUE,2023-11-28_09-39-58,TRUE
CHFL,BQ.1,202313,15,1429,12.7,5.1,28.3,TRUE,2023-11-28_09-39-58,TRUE
CHFL,other_lineage,202313,1,65,0.8,0.1,12.1,TRUE,2023-11-28_09-39-58,FALSE
CHFL,XBB,202313,96,560,81.4,64.9,91.2,TRUE,2023-11-28_09-39-58,TRUE
CHFL,all_sequenced,202314,107,7561,100,NA,NA,TRUE,2023-11-28_09-39-58,FALSE
CHFL,BA.1,202314,0,28,0,0,11.6,TRUE,2023-11-28_09-39-58,FALSE
CHFL,BA.2,202314,0,1343,0,0,11.6,TRUE,2023-11-28_09-39-58,FALSE
CHFL,BA.2.75,202314,4,163,3.7,0.7,17.5,TRUE,2023-11-28_09-39-58,TRUE
CHFL,BA.4,202314,0,202,0,0,11.6,TRUE,2023-11-28_09-39-58,FALSE
CHFL,BA.5,202314,1,3669,0.9,0.1,13.2,TRUE,2023-11-28_09-39-58,TRUE
CHFL,BQ.1,202314,4,1433,3.7,0.7,17.5,TRUE,2023-11-28_09-39-58,TRUE
CHFL,other_lineage,202314,0,65,0,0,11.6,TRUE,2023-11-28_09-39-58,FALSE
CHFL,XBB,202314,98,658,91.6,76.1,97.4,TRUE,2023-11-28_09-39-58,TRUE
CHFL,all_sequenced,202315,89,7650,100,NA,NA,TRUE,2023-11-28_09-39-58,FALSE
CHFL,BA.1,202315,0,28,0,0,13.6,TRUE,2023-11-28_09-39-58,FALSE
CHFL,BA.2,202315,0,1343,0,0,13.6,TRUE,2023-11-28_09-39-58,FALSE
CHFL,BA.2.75,202315,1,164,1.1,0.1,15.5,TRUE,2023-11-28_09-39-58,TRUE
CHFL,BA.4,202315,0,202,0,0,13.6,TRUE,2023-11-28_09-39-58,FALSE
CHFL,BA.5,202315,0,3669,0,0,13.6,TRUE,2023-11-28_09-39-58,TRUE
CHFL,BQ.1,202315,4,1437,4.5,0.8,20.6,TRUE,2023-11-28_09-39-58,TRUE
CHFL,other_lineage,202315,0,65,0,0,13.6,TRUE,2023-11-28_09-39-58,FALSE
CHFL,XBB,202315,84,742,94.4,77.9,98.8,TRUE,2023-11-28_09-39-58,TRUE
CHFL,all_sequenced,202316,53,7703,100,NA,NA,TRUE,2023-11-28_09-39-58,FALSE
CHFL,BA.1,202316,0,28,0,0,21,TRUE,2023-11-28_09-39-58,FALSE
CHFL,BA.2,202316,0,1343,0,0,21,TRUE,2023-11-28_09-39-58,FALSE
CHFL,BA.2.75,202316,1,165,1.9,0.1,23.8,TRUE,2023-11-28_09-39-58,TRUE
CHFL,BA.4,202316,0,202,0,0,21,TRUE,2023-11-28_09-39-58,FALSE
CHFL,BA.5,202316,0,3669,0,0,21,TRUE,2023-11-28_09-39-58,TRUE
CHFL,BQ.1,202316,3,1440,5.7,0.9,29,TRUE,2023-11-28_09-39-58,TRUE
CHFL,other_lineage,202316,0,65,0,0,21,TRUE,2023-11-28_09-39-58,FALSE
CHFL,XBB,202316,49,791,92.5,68.5,98.6,TRUE,2023-11-28_09-39-58,TRUE
CHFL,all_sequenced,202317,75,7778,100,NA,NA,TRUE,2023-11-28_09-39-58,FALSE
CHFL,BA.1,202317,0,28,0,0,15.8,TRUE,2023-11-28_09-39-58,FALSE
CHFL,BA.2,202317,0,1343,0,0,15.8,TRUE,2023-11-28_09-39-58,FALSE
CHFL,BA.2.75,202317,1,166,1.3,0.1,18,TRUE,2023-11-28_09-39-58,TRUE
CHFL,BA.4,202317,0,202,0,0,15.8,TRUE,2023-11-28_09-39-58,FALSE
CHFL,BA.5,202317,0,3669,0,0,15.8,TRUE,2023-11-28_09-39-58,TRUE
CHFL,BQ.1,202317,0,1440,0,0,15.8,TRUE,2023-11-28_09-39-58,TRUE
CHFL,other_lineage,202317,0,65,0,0,15.8,TRUE,2023-11-28_09-39-58,FALSE
CHFL,XBB,202317,74,865,98.7,82,99.9,TRUE,2023-11-28_09-39-58,TRUE
CHFL,all_sequenced,202318,72,7850,100,NA,NA,TRUE,2023-11-28_09-39-58,FALSE
CHFL,BA.1,202318,0,28,0,0,16.3,TRUE,2023-11-28_09-39-58,FALSE
CHFL,BA.2,202318,0,1343,0,0,16.3,TRUE,2023-11-28_09-39-58,FALSE
CHFL,BA.2.75,202318,0,166,0,0,16.3,TRUE,2023-11-28_09-39-58,TRUE
CHFL,BA.4,202318,0,202,0,0,16.3,TRUE,2023-11-28_09-39-58,FALSE
CHFL,BA.5,202318,0,3669,0,0,16.3,TRUE,2023-11-28_09-39-58,TRUE
CHFL,BQ.1,202318,1,1441,1.4,0.1,18.6,TRUE,2023-11-28_09-39-58,TRUE
CHFL,other_lineage,202318,0,65,0,0,16.3,TRUE,2023-11-28_09-39-58,FALSE
CHFL,XBB,202318,71,936,98.6,81.4,99.9,TRUE,2023-11-28_09-39-58,TRUE
CHFL,all_sequenced,202319,45,7895,100,NA,NA,TRUE,2023-11-28_09-39-58,FALSE
CHFL,BA.1,202319,0,28,0,0,23.8,TRUE,2023-11-28_09-39-58,FALSE
CHFL,BA.2,202319,0,1343,0,0,23.8,TRUE,2023-11-28_09-39-58,FALSE
CHFL,BA.2.75,202319,0,166,0,0,23.8,TRUE,2023-11-28_09-39-58,TRUE
CHFL,BA.4,202319,0,202,0,0,23.8,TRUE,2023-11-28_09-39-58,FALSE
CHFL,BA.5,202319,0,3669,0,0,23.8,TRUE,2023-11-28_09-39-58,TRUE
CHFL,BQ.1,202319,1,1442,2.2,0.1,27.1,TRUE,2023-11-28_09-39-58,TRUE
CHFL,other_lineage,202319,0,65,0,0,23.8,TRUE,2023-11-28_09-39-58,FALSE
CHFL,XBB,202319,44,980,97.8,72.9,99.9,TRUE,2023-11-28_09-39-58,TRUE
CHFL,all_sequenced,202320,56,7951,100,NA,NA,TRUE,2023-11-28_09-39-58,FALSE
CHFL,BA.1,202320,0,28,0,0,20.1,TRUE,2023-11-28_09-39-58,FALSE
CHFL,BA.2,202320,0,1343,0,0,20.1,TRUE,2023-11-28_09-39-58,FALSE
CHFL,BA.2.75,202320,0,166,0,0,20.1,TRUE,2023-11-28_09-39-58,TRUE
CHFL,BA.4,202320,0,202,0,0,20.1,TRUE,2023-11-28_09-39-58,FALSE
CHFL,BA.5,202320,0,3669,0,0,20.1,TRUE,2023-11-28_09-39-58,TRUE
CHFL,BQ.1,202320,1,1443,1.8,0.1,22.8,TRUE,2023-11-28_09-39-58,TRUE
CHFL,other_lineage,202320,0,65,0,0,20.1,TRUE,2023-11-28_09-39-58,FALSE
CHFL,XBB,202320,55,1035,98.2,77.2,99.9,TRUE,2023-11-28_09-39-58,TRUE
CHFL,all_sequenced,202321,44,7995,100,NA,NA,TRUE,2023-11-28_09-39-58,FALSE
CHFL,BA.1,202321,0,28,0,0,24.2,TRUE,2023-11-28_09-39-58,FALSE
CHFL,BA.2,202321,0,1343,0,0,24.2,TRUE,2023-11-28_09-39-58,FALSE
CHFL,BA.2.75,202321,0,166,0,0,24.2,TRUE,2023-11-28_09-39-58,TRUE
CHFL,BA.4,202321,0,202,0,0,24.2,TRUE,2023-11-28_09-39-58,FALSE
CHFL,BA.5,202321,0,3669,0,0,24.2,TRUE,2023-11-28_09-39-58,TRUE
CHFL,BQ.1,202321,5,1448,11.4,2.5,38.9,TRUE,2023-11-28_09-39-58,TRUE
CHFL,other_lineage,202321,0,65,0,0,24.2,TRUE,2023-11-28_09-39-58,FALSE
CHFL,XBB,202321,39,1074,88.6,61.1,97.5,TRUE,2023-11-28_09-39-58,TRUE
CHFL,all_sequenced,202322,29,8024,100,NA,NA,TRUE,2023-11-28_09-39-58,FALSE
CHFL,BA.1,202322,0,28,0,0,32.7,TRUE,2023-11-28_09-39-58,FALSE
CHFL,BA.2,202322,0,1343,0,0,32.7,TRUE,2023-11-28_09-39-58,FALSE
CHFL,BA.2.75,202322,0,166,0,0,32.7,TRUE,2023-11-28_09-39-58,TRUE
CHFL,BA.4,202322,0,202,0,0,32.7,TRUE,2023-11-28_09-39-58,FALSE
CHFL,BA.5,202322,0,3669,0,0,32.7,TRUE,2023-11-28_09-39-58,TRUE
CHFL,BQ.1,202322,3,1451,10.3,1.6,45,TRUE,2023-11-28_09-39-58,TRUE
CHFL,other_lineage,202322,0,65,0,0,32.7,TRUE,2023-11-28_09-39-58,FALSE
CHFL,XBB,202322,26,1100,89.7,55,98.4,TRUE,2023-11-28_09-39-58,TRUE
CHFL,all_sequenced,202323,20,8044,100,NA,NA,TRUE,2023-11-28_09-39-58,FALSE
CHFL,BA.1,202323,0,28,0,0,41.3,TRUE,2023-11-28_09-39-58,FALSE
CHFL,BA.2,202323,0,1343,0,0,41.3,TRUE,2023-11-28_09-39-58,FALSE
CHFL,BA.2.75,202323,0,166,0,0,41.3,TRUE,2023-11-28_09-39-58,TRUE
CHFL,BA.4,202323,1,203,5,0.3,46.8,TRUE,2023-11-28_09-39-58,FALSE
CHFL,BA.5,202323,0,3669,0,0,41.3,TRUE,2023-11-28_09-39-58,TRUE
CHFL,BQ.1,202323,0,1451,0,0,41.3,TRUE,2023-11-28_09-39-58,TRUE
CHFL,other_lineage,202323,0,65,0,0,41.3,TRUE,2023-11-28_09-39-58,FALSE
CHFL,XBB,202323,19,1119,95,53.2,99.7,TRUE,2023-11-28_09-39-58,TRUE
CHFL,all_sequenced,202324,16,8060,100,NA,NA,TRUE,2023-11-28_09-39-58,FALSE
CHFL,BA.1,202324,0,28,0,0,46.8,TRUE,2023-11-28_09-39-58,FALSE
CHFL,BA.2,202324,0,1343,0,0,46.8,TRUE,2023-11-28_09-39-58,FALSE
CHFL,BA.2.75,202324,1,167,6.2,0.4,53,TRUE,2023-11-28_09-39-58,TRUE
CHFL,BA.4,202324,0,203,0,0,46.8,TRUE,2023-11-28_09-39-58,FALSE
CHFL,BA.5,202324,1,3670,6.2,0.4,53,TRUE,2023-11-28_09-39-58,TRUE
CHFL,BQ.1,202324,0,1451,0,0,46.8,TRUE,2023-11-28_09-39-58,TRUE
CHFL,other_lineage,202324,0,65,0,0,46.8,TRUE,2023-11-28_09-39-58,FALSE
CHFL,XBB,202324,14,1133,87.5,41.3,98.6,TRUE,2023-11-28_09-39-58,TRUE
CHFL,all_sequenced,202325,8,8068,NA,NA,NA,TRUE,2023-11-28_09-39-58,FALSE
CHFL,BA.1,202325,0,28,NA,NA,NA,TRUE,2023-11-28_09-39-58,FALSE
CHFL,BA.2,202325,0,1343,NA,NA,NA,TRUE,2023-11-28_09-39-58,FALSE
CHFL,BA.2.75,202325,0,167,NA,NA,NA,TRUE,2023-11-28_09-39-58,TRUE
CHFL,BA.4,202325,0,203,NA,NA,NA,TRUE,2023-11-28_09-39-58,FALSE
CHFL,BA.5,202325,0,3670,NA,NA,NA,TRUE,2023-11-28_09-39-58,TRUE
CHFL,BQ.1,202325,0,1451,NA,NA,NA,TRUE,2023-11-28_09-39-58,TRUE
CHFL,other_lineage,202325,0,65,NA,NA,NA,TRUE,2023-11-28_09-39-58,FALSE
CHFL,XBB,202325,8,1141,NA,NA,NA,TRUE,2023-11-28_09-39-58,TRUE
CHFL,all_sequenced,202326,7,8075,NA,NA,NA,TRUE,2023-11-28_09-39-58,FALSE
CHFL,BA.1,202326,0,28,NA,NA,NA,TRUE,2023-11-28_09-39-58,FALSE
CHFL,BA.2,202326,0,1343,NA,NA,NA,TRUE,2023-11-28_09-39-58,FALSE
CHFL,BA.2.75,202326,0,167,NA,NA,NA,TRUE,2023-11-28_09-39-58,TRUE
CHFL,BA.4,202326,0,203,NA,NA,NA,TRUE,2023-11-28_09-39-58,FALSE
CHFL,BA.5,202326,0,3670,NA,NA,NA,TRUE,2023-11-28_09-39-58,TRUE
CHFL,BQ.1,202326,0,1451,NA,NA,NA,TRUE,2023-11-28_09-39-58,TRUE
CHFL,other_lineage,202326,0,65,NA,NA,NA,TRUE,2023-11-28_09-39-58,FALSE
CHFL,XBB,202326,7,1148,NA,NA,NA,TRUE,2023-11-28_09-39-58,TRUE
CHFL,all_sequenced,202327,8,8083,NA,NA,NA,TRUE,2023-11-28_09-39-58,FALSE
CHFL,BA.1,202327,0,28,NA,NA,NA,TRUE,2023-11-28_09-39-58,FALSE
CHFL,BA.2,202327,0,1343,NA,NA,NA,TRUE,2023-11-28_09-39-58,FALSE
CHFL,BA.2.75,202327,0,167,NA,NA,NA,TRUE,2023-11-28_09-39-58,TRUE
CHFL,BA.4,202327,0,203,NA,NA,NA,TRUE,2023-11-28_09-39-58,FALSE
CHFL,BA.5,202327,0,3670,NA,NA,NA,TRUE,2023-11-28_09-39-58,TRUE
CHFL,BQ.1,202327,0,1451,NA,NA,NA,TRUE,2023-11-28_09-39-58,TRUE
CHFL,other_lineage,202327,0,65,NA,NA,NA,TRUE,2023-11-28_09-39-58,FALSE
CHFL,XBB,202327,8,1156,NA,NA,NA,TRUE,2023-11-28_09-39-58,TRUE
CHFL,all_sequenced,202328,10,8093,100,NA,NA,TRUE,2023-11-28_09-39-58,FALSE
CHFL,BA.1,202328,0,28,0,0,58.4,TRUE,2023-11-28_09-39-58,FALSE
CHFL,BA.2,202328,0,1343,0,0,58.4,TRUE,2023-11-28_09-39-58,FALSE
CHFL,BA.2.75,202328,0,167,0,0,58.4,TRUE,2023-11-28_09-39-58,TRUE
CHFL,BA.4,202328,0,203,0,0,58.4,TRUE,2023-11-28_09-39-58,FALSE
CHFL,BA.5,202328,0,3670,0,0,58.4,TRUE,2023-11-28_09-39-58,TRUE
CHFL,BQ.1,202328,1,1452,10,0.6,66.1,TRUE,2023-11-28_09-39-58,TRUE
CHFL,other_lineage,202328,0,65,0,0,58.4,TRUE,2023-11-28_09-39-58,FALSE
CHFL,XBB,202328,9,1165,90,33.9,99.4,TRUE,2023-11-28_09-39-58,TRUE
CHFL,all_sequenced,202329,7,8100,NA,NA,NA,TRUE,2023-11-28_09-39-58,FALSE
CHFL,BA.1,202329,0,28,NA,NA,NA,TRUE,2023-11-28_09-39-58,FALSE
CHFL,BA.2,202329,0,1343,NA,NA,NA,TRUE,2023-11-28_09-39-58,FALSE
CHFL,BA.2.75,202329,0,167,NA,NA,NA,TRUE,2023-11-28_09-39-58,TRUE
CHFL,BA.4,202329,0,203,NA,NA,NA,TRUE,2023-11-28_09-39-58,FALSE
CHFL,BA.5,202329,0,3670,NA,NA,NA,TRUE,2023-11-28_09-39-58,TRUE
CHFL,BQ.1,202329,1,1453,NA,NA,NA,TRUE,2023-11-28_09-39-58,TRUE
CHFL,other_lineage,202329,0,65,NA,NA,NA,TRUE,2023-11-28_09-39-58,FALSE
CHFL,XBB,202329,6,1171,NA,NA,NA,TRUE,2023-11-28_09-39-58,TRUE
CHFL,all_sequenced,202330,26,8126,100,NA,NA,TRUE,2023-11-28_09-39-58,FALSE
CHFL,BA.1,202330,0,28,0,0,35.1,TRUE,2023-11-28_09-39-58,FALSE
CHFL,BA.2,202330,0,1343,0,0,35.1,TRUE,2023-11-28_09-39-58,FALSE
CHFL,BA.2.75,202330,1,168,3.8,0.2,39.9,TRUE,2023-11-28_09-39-58,TRUE
CHFL,BA.4,202330,0,203,0,0,35.1,TRUE,2023-11-28_09-39-58,FALSE
CHFL,BA.5,202330,0,3670,0,0,35.1,TRUE,2023-11-28_09-39-58,TRUE
CHFL,BQ.1,202330,0,1453,0,0,35.1,TRUE,2023-11-28_09-39-58,TRUE
CHFL,other_lineage,202330,0,65,0,0,35.1,TRUE,2023-11-28_09-39-58,FALSE
CHFL,XBB,202330,25,1196,96.2,60.1,99.8,TRUE,2023-11-28_09-39-58,TRUE
CHFL,all_sequenced,202331,29,8155,100,NA,NA,TRUE,2023-11-28_09-39-58,FALSE
CHFL,BA.1,202331,0,28,0,0,32.7,TRUE,2023-11-28_09-39-58,FALSE
CHFL,BA.2,202331,0,1343,0,0,32.7,TRUE,2023-11-28_09-39-58,FALSE
CHFL,BA.2.75,202331,1,169,3.4,0.2,37.1,TRUE,2023-11-28_09-39-58,TRUE
CHFL,BA.4,202331,0,203,0,0,32.7,TRUE,2023-11-28_09-39-58,FALSE
CHFL,BA.5,202331,0,3670,0,0,32.7,TRUE,2023-11-28_09-39-58,TRUE
CHFL,BQ.1,202331,0,1453,0,0,32.7,TRUE,2023-11-28_09-39-58,TRUE
CHFL,other_lineage,202331,0,65,0,0,32.7,TRUE,2023-11-28_09-39-58,FALSE
CHFL,XBB,202331,28,1224,96.6,62.9,99.8,TRUE,2023-11-28_09-39-58,TRUE
CHFL,all_sequenced,202332,57,8212,100,NA,NA,TRUE,2023-11-28_09-39-58,FALSE
CHFL,BA.1,202332,0,28,0,0,19.8,TRUE,2023-11-28_09-39-58,FALSE
CHFL,BA.2,202332,0,1343,0,0,19.8,TRUE,2023-11-28_09-39-58,FALSE
CHFL,BA.2.75,202332,0,169,0,0,19.8,TRUE,2023-11-28_09-39-58,TRUE
CHFL,BA.4,202332,1,204,1.8,0.1,22.5,TRUE,2023-11-28_09-39-58,FALSE
CHFL,BA.5,202332,0,3670,0,0,19.8,TRUE,2023-11-28_09-39-58,TRUE
CHFL,BQ.1,202332,1,1454,1.8,0.1,22.5,TRUE,2023-11-28_09-39-58,TRUE
CHFL,other_lineage,202332,2,67,3.5,0.4,25,TRUE,2023-11-28_09-39-58,FALSE
CHFL,XBB,202332,53,1277,93,70.3,98.7,TRUE,2023-11-28_09-39-58,TRUE
CHFL,all_sequenced,202333,54,8266,100,NA,NA,TRUE,2023-11-28_09-39-58,FALSE
CHFL,BA.1,202333,0,28,0,0,20.7,TRUE,2023-11-28_09-39-58,FALSE
CHFL,BA.2,202333,0,1343,0,0,20.7,TRUE,2023-11-28_09-39-58,FALSE
CHFL,BA.2.75,202333,0,169,0,0,20.7,TRUE,2023-11-28_09-39-58,TRUE
CHFL,BA.4,202333,1,205,1.9,0.1,23.5,TRUE,2023-11-28_09-39-58,FALSE
CHFL,BA.5,202333,0,3670,0,0,20.7,TRUE,2023-11-28_09-39-58,TRUE
CHFL,BQ.1,202333,0,1454,0,0,20.7,TRUE,2023-11-28_09-39-58,TRUE
CHFL,other_lineage,202333,0,67,0,0,20.7,TRUE,2023-11-28_09-39-58,FALSE
CHFL,XBB,202333,53,1330,98.1,76.5,99.9,TRUE,2023-11-28_09-39-58,TRUE
CHFL,all_sequenced,202334,53,8319,100,NA,NA,TRUE,2023-11-28_09-39-58,FALSE
CHFL,BA.1,202334,0,28,0,0,21,TRUE,2023-11-28_09-39-58,FALSE
CHFL,BA.2,202334,0,1343,0,0,21,TRUE,2023-11-28_09-39-58,FALSE
CHFL,BA.2.75,202334,0,169,0,0,21,TRUE,2023-11-28_09-39-58,TRUE
CHFL,BA.4,202334,0,205,0,0,21,TRUE,2023-11-28_09-39-58,FALSE
CHFL,BA.5,202334,0,3670,0,0,21,TRUE,2023-11-28_09-39-58,TRUE
CHFL,BQ.1,202334,0,1454,0,0,21,TRUE,2023-11-28_09-39-58,TRUE
CHFL,other_lineage,202334,1,68,1.9,0.1,23.8,TRUE,2023-11-28_09-39-58,FALSE
CHFL,XBB,202334,52,1382,98.1,76.2,99.9,TRUE,2023-11-28_09-39-58,TRUE
CHFL,all_sequenced,202335,66,8385,100,NA,NA,TRUE,2023-11-28_09-39-58,FALSE
CHFL,BA.1,202335,0,28,0,0,17.6,TRUE,2023-11-28_09-39-58,FALSE
CHFL,BA.2,202335,0,1343,0,0,17.6,TRUE,2023-11-28_09-39-58,FALSE
CHFL,BA.2.75,202335,6,175,9.1,2.2,30.3,TRUE,2023-11-28_09-39-58,TRUE
CHFL,BA.4,202335,0,205,0,0,17.6,TRUE,2023-11-28_09-39-58,FALSE
CHFL,BA.5,202335,0,3670,0,0,17.6,TRUE,2023-11-28_09-39-58,TRUE
CHFL,BQ.1,202335,0,1454,0,0,17.6,TRUE,2023-11-28_09-39-58,TRUE
CHFL,other_lineage,202335,0,68,0,0,17.6,TRUE,2023-11-28_09-39-58,FALSE
CHFL,XBB,202335,60,1442,90.9,69.7,97.8,TRUE,2023-11-28_09-39-58,TRUE
CHFL,all_sequenced,202336,101,8486,100,NA,NA,TRUE,2023-11-28_09-39-58,FALSE
CHFL,BA.1,202336,0,28,0,0,12.2,TRUE,2023-11-28_09-39-58,FALSE
CHFL,BA.2,202336,4,1347,4,0.7,18.4,TRUE,2023-11-28_09-39-58,FALSE
CHFL,BA.2.75,202336,13,188,12.9,4.9,30,TRUE,2023-11-28_09-39-58,TRUE
CHFL,BA.4,202336,0,205,0,0,12.2,TRUE,2023-11-28_09-39-58,FALSE
CHFL,BA.5,202336,0,3670,0,0,12.2,TRUE,2023-11-28_09-39-58,TRUE
CHFL,BQ.1,202336,0,1454,0,0,12.2,TRUE,2023-11-28_09-39-58,TRUE
CHFL,other_lineage,202336,2,70,2,0.2,15.5,TRUE,2023-11-28_09-39-58,FALSE
CHFL,XBB,202336,82,1524,81.2,63.2,91.6,TRUE,2023-11-28_09-39-58,TRUE
CHFL,all_sequenced,202337,94,8580,100,NA,NA,TRUE,2023-11-28_09-39-58,FALSE
CHFL,BA.1,202337,0,28,0,0,13,TRUE,2023-11-28_09-39-58,FALSE
CHFL,BA.2,202337,0,1347,0,0,13,TRUE,2023-11-28_09-39-58,FALSE
CHFL,BA.2.75,202337,5,193,5.3,1.2,21.1,TRUE,2023-11-28_09-39-58,TRUE
CHFL,BA.4,202337,0,205,0,0,13,TRUE,2023-11-28_09-39-58,FALSE
CHFL,BA.5,202337,0,3670,0,0,13,TRUE,2023-11-28_09-39-58,TRUE
CHFL,BQ.1,202337,0,1454,0,0,13,TRUE,2023-11-28_09-39-58,TRUE
CHFL,other_lineage,202337,4,74,4.3,0.8,19.6,TRUE,2023-11-28_09-39-58,FALSE
CHFL,XBB,202337,85,1609,90.4,73.3,97,TRUE,2023-11-28_09-39-58,TRUE
CHFL,all_sequenced,202338,44,8624,100,NA,NA,TRUE,2023-11-28_09-39-58,FALSE
CHFL,BA.1,202338,0,28,0,0,24.2,TRUE,2023-11-28_09-39-58,FALSE
CHFL,BA.2,202338,2,1349,4.5,0.5,30.6,TRUE,2023-11-28_09-39-58,FALSE
CHFL,BA.2.75,202338,1,194,2.3,0.1,27.5,TRUE,2023-11-28_09-39-58,TRUE
CHFL,BA.4,202338,0,205,0,0,24.2,TRUE,2023-11-28_09-39-58,FALSE
CHFL,BA.5,202338,0,3670,0,0,24.2,TRUE,2023-11-28_09-39-58,TRUE
CHFL,BQ.1,202338,0,1454,0,0,24.2,TRUE,2023-11-28_09-39-58,TRUE
CHFL,other_lineage,202338,2,76,4.5,0.5,30.6,TRUE,2023-11-28_09-39-58,FALSE
CHFL,XBB,202338,39,1648,88.6,61.1,97.5,TRUE,2023-11-28_09-39-58,TRUE
CHFL,all_sequenced,202339,66,8690,100,NA,NA,TRUE,2023-11-28_09-39-58,FALSE
CHFL,BA.1,202339,0,28,0,0,17.6,TRUE,2023-11-28_09-39-58,FALSE
CHFL,BA.2,202339,4,1353,6.1,1.1,26.4,TRUE,2023-11-28_09-39-58,FALSE
CHFL,BA.2.75,202339,1,195,1.5,0.1,20,TRUE,2023-11-28_09-39-58,TRUE
CHFL,BA.4,202339,0,205,0,0,17.6,TRUE,2023-11-28_09-39-58,FALSE
CHFL,BA.5,202339,0,3670,0,0,17.6,TRUE,2023-11-28_09-39-58,TRUE
CHFL,BQ.1,202339,1,1455,1.5,0.1,20,TRUE,2023-11-28_09-39-58,TRUE
CHFL,other_lineage,202339,1,77,1.5,0.1,20,TRUE,2023-11-28_09-39-58,FALSE
CHFL,XBB,202339,59,1707,89.4,67.8,97.1,TRUE,2023-11-28_09-39-58,TRUE
CHFL,all_sequenced,202340,98,8788,100,NA,NA,TRUE,2023-11-28_09-39-58,FALSE
CHFL,BA.1,202340,0,28,0,0,12.6,TRUE,2023-11-28_09-39-58,FALSE
CHFL,BA.2,202340,3,1356,3.1,0.5,17.4,TRUE,2023-11-28_09-39-58,FALSE
CHFL,BA.2.75,202340,0,195,0,0,12.6,TRUE,2023-11-28_09-39-58,TRUE
CHFL,BA.4,202340,0,205,0,0,12.6,TRUE,2023-11-28_09-39-58,FALSE
CHFL,BA.5,202340,0,3670,0,0,12.6,TRUE,2023-11-28_09-39-58,TRUE
CHFL,BQ.1,202340,0,1455,0,0,12.6,TRUE,2023-11-28_09-39-58,TRUE
CHFL,other_lineage,202340,2,79,2,0.2,15.9,TRUE,2023-11-28_09-39-58,FALSE
CHFL,XBB,202340,93,1800,94.9,79.6,98.9,TRUE,2023-11-28_09-39-58,TRUE
CHFL,all_sequenced,202341,100,8888,100,NA,NA,TRUE,2023-11-28_09-39-58,FALSE
CHFL,BA.1,202341,0,28,0,0,12.3,TRUE,2023-11-28_09-39-58,FALSE
CHFL,BA.2,202341,4,1360,4,0.8,18.6,TRUE,2023-11-28_09-39-58,FALSE
CHFL,BA.2.75,202341,0,195,0,0,12.3,TRUE,2023-11-28_09-39-58,TRUE
CHFL,BA.4,202341,0,205,0,0,12.3,TRUE,2023-11-28_09-39-58,FALSE
CHFL,BA.5,202341,0,3670,0,0,12.3,TRUE,2023-11-28_09-39-58,TRUE
CHFL,BQ.1,202341,0,1455,0,0,12.3,TRUE,2023-11-28_09-39-58,TRUE
CHFL,other_lineage,202341,1,80,1,0.1,14,TRUE,2023-11-28_09-39-58,FALSE
CHFL,XBB,202341,95,1895,95,80,98.9,TRUE,2023-11-28_09-39-58,TRUE
CHFL,all_sequenced,202342,94,8982,100,NA,NA,TRUE,2023-11-28_09-39-58,FALSE
CHFL,BA.1,202342,0,28,0,0,13,TRUE,2023-11-28_09-39-58,FALSE
CHFL,BA.2,202342,15,1375,16,6.5,34.3,TRUE,2023-11-28_09-39-58,FALSE
CHFL,BA.2.75,202342,1,196,1.1,0.1,14.8,TRUE,2023-11-28_09-39-58,TRUE
CHFL,BA.4,202342,0,205,0,0,13,TRUE,2023-11-28_09-39-58,FALSE
CHFL,BA.5,202342,0,3670,0,0,13,TRUE,2023-11-28_09-39-58,TRUE
CHFL,BQ.1,202342,0,1455,0,0,13,TRUE,2023-11-28_09-39-58,TRUE
CHFL,other_lineage,202342,2,82,2.1,0.2,16.5,TRUE,2023-11-28_09-39-58,FALSE
CHFL,XBB,202342,76,1971,80.9,62.1,91.6,TRUE,2023-11-28_09-39-58,TRUE
CHFL,all_sequenced,202343,88,9070,100,NA,NA,TRUE,2023-11-28_09-39-58,FALSE
CHFL,BA.1,202343,0,28,0,0,13.8,TRUE,2023-11-28_09-39-58,FALSE
CHFL,BA.2,202343,6,1381,6.8,1.7,23.9,TRUE,2023-11-28_09-39-58,FALSE
CHFL,BA.2.75,202343,1,197,1.1,0.1,15.7,TRUE,2023-11-28_09-39-58,TRUE
CHFL,BA.4,202343,0,205,0,0,13.8,TRUE,2023-11-28_09-39-58,FALSE
CHFL,BA.5,202343,0,3670,0,0,13.8,TRUE,2023-11-28_09-39-58,TRUE
CHFL,BQ.1,202343,0,1455,0,0,13.8,TRUE,2023-11-28_09-39-58,TRUE
CHFL,other_lineage,202343,1,83,1.1,0.1,15.7,TRUE,2023-11-28_09-39-58,FALSE
CHFL,XBB,202343,80,2051,90.9,73.2,97.3,TRUE,2023-11-28_09-39-58,TRUE
CHFL,all_sequenced,202344,122,9192,100,NA,NA,TRUE,2023-11-28_09-39-58,FALSE
CHFL,BA.1,202344,0,28,0,0,10.3,TRUE,2023-11-28_09-39-58,FALSE
CHFL,BA.2,202344,21,1402,17.2,8,33.2,TRUE,2023-11-28_09-39-58,FALSE
CHFL,BA.2.75,202344,1,198,0.8,0.1,11.8,TRUE,2023-11-28_09-39-58,TRUE
CHFL,BA.4,202344,0,205,0,0,10.3,TRUE,2023-11-28_09-39-58,FALSE
CHFL,BA.5,202344,0,3670,0,0,10.3,TRUE,2023-11-28_09-39-58,TRUE
CHFL,BQ.1,202344,0,1455,0,0,10.3,TRUE,2023-11-28_09-39-58,TRUE
CHFL,other_lineage,202344,3,86,2.5,0.4,14.4,TRUE,2023-11-28_09-39-58,FALSE
CHFL,XBB,202344,97,2148,79.5,63.1,89.8,TRUE,2023-11-28_09-39-58,TRUE
CHFL,all_sequenced,202345,84,9276,100,NA,NA,TRUE,2023-11-28_09-39-58,FALSE
CHFL,BA.1,202345,0,28,0,0,14.3,TRUE,2023-11-28_09-39-58,FALSE
CHFL,BA.2,202345,19,1421,22.6,10.2,42.9,TRUE,2023-11-28_09-39-58,FALSE
CHFL,BA.2.75,202345,0,198,0,0,14.3,TRUE,2023-11-28_09-39-58,TRUE
CHFL,BA.4,202345,0,205,0,0,14.3,TRUE,2023-11-28_09-39-58,FALSE
CHFL,BA.5,202345,0,3670,0,0,14.3,TRUE,2023-11-28_09-39-58,TRUE
CHFL,BQ.1,202345,0,1455,0,0,14.3,TRUE,2023-11-28_09-39-58,TRUE
CHFL,other_lineage,202345,2,88,2.4,0.3,18.2,TRUE,2023-11-28_09-39-58,FALSE
CHFL,XBB,202345,63,2211,75,54.6,88.2,TRUE,2023-11-28_09-39-58,TRUE
CHFL,all_sequenced,202346,54,9330,100,NA,NA,TRUE,2023-11-28_09-39-58,FALSE
CHFL,BA.1,202346,0,28,0,0,20.7,TRUE,2023-11-28_09-39-58,FALSE
CHFL,BA.2,202346,23,1444,42.6,21.6,66.7,TRUE,2023-11-28_09-39-58,FALSE
CHFL,BA.2.75,202346,0,198,0,0,20.7,TRUE,2023-11-28_09-39-58,TRUE
CHFL,BA.4,202346,0,205,0,0,20.7,TRUE,2023-11-28_09-39-58,FALSE
CHFL,BA.5,202346,0,3670,0,0,20.7,TRUE,2023-11-28_09-39-58,TRUE
CHFL,BQ.1,202346,0,1455,0,0,20.7,TRUE,2023-11-28_09-39-58,TRUE
CHFL,other_lineage,202346,0,88,0,0,20.7,TRUE,2023-11-28_09-39-58,FALSE
CHFL,XBB,202346,31,2242,57.4,33.3,78.4,TRUE,2023-11-28_09-39-58,TRUE